date,steps,min_temp ,max_temp,rainfall,evaporation,sunshine ,wind_gust_dir,wind_gust_speed,wind_gust_time,temp_9am,humidity_9am,cloud_9am,wind_dir_9am,wind_speed_9am,pressure_9am,temp_3pm,humidity_3pm,cloud_3pm,wind_dir_3pm,wind_speed_3pm,pressure_3pm
2024-10-1,10165,9.3,22.8,0,,,E,33,16:16,18.2,62,,N,7,,20.5,56,,E,19,
2024-10-2,8410,15,19.5,3,,,ESE,37,14:05,15,92,,SSW,11,,18.6,59,,SE,15,
2024-10-3,8248,13.1,20.3,0,,,E,31,13:56,19.2,59,,ENE,9,,18.4,56,,E,17,
2024-10-4,14193,8.3,24.6,0,,,NE,24,16:58,17.7,66,,W,4,,23.7,48,,NE,9,
2024-10-5,12063,14.6,27.2,1.8,,,W,43,11:09,22.5,60,,WNW,11,,25.6,32,,W,13,
2024-10-6,9302,12.2,28.4,0.2,,,NW,43,14:12,21.4,47,,WNW,15,,28.2,25,,WNW,19,
2024-10-7,15055,10.7,29.5,0,,,SSE,50,23:00,21.5,54,,NNW,7,,29.1,28,,W,19,
2024-10-8,5959,14.4,16,0,,,SE,46,0:18,15.5,77,,SSE,13,,15.4,63,,SSE,15,
2024-10-9,4443,13.5,17,0.2,,,ESE,31,12:01,15.8,57,,S,9,,16.3,64,,SE,11,
2024-10-10,7264,11.4,25.7,0,,,E,30,14:39,16.4,78,,NNW,7,,24.6,42,,N,4,
2024-10-11,14833,13.8,25.2,0.2,,,E,26,14:55,18.9,74,,W,7,,23.7,60,,E,15,
2024-10-12,7850,15.7,18.5,0,,,S,43,0:00,16.5,68,,SSE,17,,17.6,54,,SSE,20,
2024-10-13,7352,10.7,21.3,0.4,,,E,37,15:58,14.7,81,,NW,7,,20.1,50,,ENE,11,
2024-10-14,13760,10.7,27.3,0,,,SSE,50,14:21,17.4,67,,NW,4,,21.7,66,,SSE,20,
2024-10-15,4579,14.1,17.9,9,,,SSE,30,9:19,15.9,87,,SSE,13,,16.9,65,,SE,13,
2024-10-16,13624,12.6,20.4,1,,,NW,19,16:47,17.3,62,,SSW,6,,18.7,49,,ESE,9,
2024-10-17,10039,8.6,24.8,0,,,,,,16.3,83,,WNW,6,,23.9,54,,ESE,17,
2024-10-18,8092,16.1,26.8,,,,SW,37,18:44,18.7,90,,,Calm,,24.6,59,,N,7,
2024-10-19,6795,15.2,25.3,4.4,,,ESE,30,11:38,21.1,70,,W,9,,21,77,,ESE,19,
2024-10-20,10250,16.3,21.8,1.4,,,ESE,39,14:08,19.2,62,,S,17,,21.1,59,,SE,22,
2024-10-21,8241,15.8,21.4,0.2,,,S,43,9:39,17.2,64,,SSW,11,,20.1,55,,SSE,22,
2024-10-22,11694,12.2,25.1,0,,,E,24,13:41,17.5,59,,WSW,7,,23.7,47,,E,15,
2024-10-23,8786,11.6,30.3,0,,,SE,35,16:59,19.5,73,,W,6,,28.4,47,,E,11,
2024-10-24,9368,14.6,22.3,0,,,E,41,12:46,20.5,65,,SE,19,,20.9,59,,E,20,
2024-10-25,2925,11.1,22.7,3.6,,,SE,41,13:53,16.5,54,,WNW,11,,20,56,,SE,26,
2024-10-26,10875,12.3,20,0,,,E,31,12:10,15.7,39,,WSW,7,,19.1,38,,SE,19,
2024-10-27,9116,9.6,26.8,0,,,NE,26,16:30,17.2,62,,WNW,7,,26.1,38,,ENE,13,
2024-10-28,14022,12.4,26.9,0,,,ESE,44,14:08,21.5,52,,WNW,9,,21.8,66,,SE,24,
2024-10-29,15106,16.1,24.8,0,,,E,33,14:49,19.4,63,,N,9,,23,54,,E,19,
2024-10-30,3439,17.2,27.4,0,,,E,31,15:35,21,64,,NNW,9,,26.8,49,,E,13,
2024-10-31,6614,14.3,30.9,0,,,SSE,41,16:50,21.2,73,,W,4,,23.8,53,,SSE,20,
2024-11-1,5498,15.8,23.1,4.8,,,E,33,14:24,20.7,60,,SE,11,,22.1,56,,E,19,
2024-11-2,4336,15.9,22.9,0,,,SSE,30,0:52,17.8,71,,SE,13,,18.9,77,,NE,9,
2024-11-3,3773,14.5,33,1.2,,,N,37,10:48,22.9,70,,SW,2,,32.2,29,,WNW,11,
2024-11-4,4255,18.5,21.9,0,,,ESE,26,2:05,19.1,80,,ESE,15,,19.2,82,,ENE,9,
2024-11-5,3135,18,23.8,0,,,ESE,28,12:35,19.9,76,,E,6,,23,63,,E,13,
2024-11-6,6665,16.3,30.7,0,,,E,28,13:11,22.4,74,,NNE,9,,28.4,60,,SE,19,
2024-11-7,3441,20.2,34.3,0,,,SE,31,12:15,23.9,82,,SE,2,,23.5,71,,E,17,
2024-11-8,6824,15,31.3,4.2,,,WNW,41,15:49,21.6,55,,WSW,13,,30.7,21,,W,15,
2024-11-9,5402,16.6,24.7,0.2,,,S,33,23:10,21.7,67,,SSE,4,,24,52,,E,17,
2024-11-10,2904,18.9,27.5,0,,,SE,50,13:11,23.6,70,,SSW,11,,22.8,64,,SE,28,
2024-11-11,7447,15.5,21.5,0,,,SSE,22,23:06,19.1,72,,SSE,11,,19.7,81,,SSE,9,
2024-11-12,7218,17,25.4,0,,,E,28,15:01,21.3,76,,SE,11,,24.7,62,,E,15,
2024-11-13,11085,17.5,26.6,0,,,E,24,16:20,20.2,78,,NNW,9,,24.7,61,,E,11,
2024-11-14,10742,17.5,21.8,0.2,,,SSE,35,8:47,18.2,82,,S,15,,20.6,69,,SE,19,
2024-11-15,7273,17.1,21.8,0.4,,,SE,24,11:24,18.8,82,,SE,7,,20.1,76,,E,6,
2024-11-16,11483,17.4,25.3,1.4,,,E,33,17:00,21.5,73,,NNE,11,,23.4,68,,E,17,
2024-11-17,7207,19.4,32.5,0,,,SSW,46,18:14,25.1,65,,NNE,9,,28.7,54,,NE,15,
2024-11-18,9111,17.1,30.4,18.8,,,SSW,37,14:01,19.5,58,,W,9,,29.3,15,,SSW,20,
2024-11-19,7970,17.5,22.4,0.4,,,E,31,14:52,19.1,78,,ESE,15,,21.1,65,,E,17,
2024-11-20,15033,14.3,25,0,,,ESE,33,11:59,22.4,65,,NW,9,,23.5,56,,ESE,22,
2024-11-21,15093,15.7,26.1,0,,,E,33,13:29,21.9,65,,NNW,6,,25,49,,ENE,15,
2024-11-22,5151,14.4,27.6,,,,,,,23.2,66,,E,6,,27.3,60,,E,17,
2024-11-23,9372,16.3,31.4,0,,,NE,35,15:57,23.9,65,,ENE,6,,30.8,40,,ENE,13,
2024-11-24,6480,16.9,31.7,0,,,E,33,16:39,26,53,,ESE,7,,29.6,36,,E,19,
2024-11-25,7647,17.7,29.5,0,,,NE,33,16:14,24.4,66,,E,6,,28.9,51,,E,17,
2024-11-26,11807,18.7,33.2,0,,,E,30,13:46,26,64,,NNW,6,,32.2,46,,ENE,17,
2024-11-27,8300,19.4,38.6,0,,,WNW,57,15:48,31.4,37,,NW,15,,37.5,23,,NNW,13,
2024-11-28,5335,21.7,30.6,1.4,,,SE,31,17:03,28.5,52,,SSW,6,,28.2,63,,NNW,7,
2024-11-29,5326,21,22.9,3.6,,,SE,24,10:16,21.5,87,,SSE,13,,21.2,96,,SSE,7,
2024-11-30,5285,20.9,26,27.6,,,NE,24,8:42,22.6,91,,ENE,9,,24.6,83,,ENE,9,
2024-12-1,5762,20.6,32.5,0.8,,,NW,43,13:22,25.5,73,,W,7,,24,79,,E,13,
2024-12-2,8140,17.1,36.1,5.6,,,NNW,35,13:11,27.1,59,,NW,9,,34.9,21,,SSW,9,
2024-12-3,4374,19.7,34.2,0,,,NW,46,11:21,28.9,50,,E,6,,29,52,,NW,20,
2024-12-4,3102,21.5,25.9,0,,,SSE,37,4:34,22.9,71,,SSE,13,,24.5,63,,E,17,
2024-12-5,4293,20.3,27.6,0,,,E,33,14:40,22.4,76,,ENE,4,,26.9,65,,ESE,13,
2024-12-6,8694,21.9,31,0,,,ESE,28,13:57,26.9,72,,SE,6,,29.7,62,,ESE,19,
2024-12-7,4011,22.4,30.5,9.6,,,WNW,31,20:33,24.7,90,,NNW,6,,26,97,,NW,7,
2024-12-8,8112,20.9,30.9,11.8,,,SE,37,10:54,26.8,70,,ENE,9,,22.6,79,,SE,20,
2024-12-9,6637,18.5,24,0.2,,,NNE,28,16:52,21.7,73,,E,11,,23.6,71,,NE,11,
2024-12-10,7467,19.9,25.6,0,,,SE,41,12:38,23.1,73,,ESE,7,,24.3,58,,SE,22,
2024-12-11,7663,20,26.6,0,,,E,31,16:07,22,70,,W,2,,25.9,59,,E,15,
2024-12-12,8453,16.8,32,0,,,E,31,13:14,24.1,55,,WSW,7,,28.2,35,,E,20,
2024-12-13,3059,20.7,33.6,0,,,SSE,44,20:18,25.1,68,,W,9,,31.8,51,,E,19,
2024-12-14,3034,21.6,28.8,0,,,E,28,13:45,24.1,68,,SE,9,,27.7,62,,E,19,
2024-12-15,8364,21.6,28.1,0,,,E,35,12:33,24.3,80,,SE,9,,27.4,65,,ESE,20,
2024-12-16,7679,22.6,31.3,0,,,NE,46,16:43,27,69,,E,9,,30.3,60,,E,17,
2024-12-17,7962,20.5,36.5,0,,,SE,56,16:41,28.1,65,,NNE,11,,35.7,35,,E,15,
2024-12-18,2780,17.2,22.9,7,,,SSE,54,15:55,18.4,83,,S,9,,22.3,49,,SSE,26,
2024-12-19,5710,16.9,23.9,2.6,,,ESE,43,14:57,22.1,50,,ESE,17,,22.6,48,,SE,22,
2024-12-20,8320,16.3,26.1,0.2,,,ESE,30,13:28,21.5,54,,SW,9,,24.9,45,,ESE,19,
2024-12-21,8500,15.7,33.2,0,,,SE,37,16:25,23.5,62,,W,9,,27.9,51,,E,20,
2024-12-22,13005,20.3,27.3,0,,,E,33,13:48,22.2,61,,E,6,,26,55,,E,20,
2024-12-23,13151,21,29.9,0,,,WNW,52,10:58,26.4,33,,W,11,,29.7,11,,WNW,19,
2024-12-24,8410,12.9,24.9,0,,,ESE,35,11:49,20.6,37,,SW,9,,23.4,36,,SE,17,
2024-12-25,5962,15.3,29.3,0,,,E,37,15:39,22.9,56,,NW,9,,28.6,41,,E,15,
2024-12-26,12179,18.1,31.3,0,,,E,39,16:03,25.2,59,,NNE,7,,29.9,50,,ENE,15,
2024-12-27,3230,21.1,38.2,1.4,,,NW,50,10:54,21.3,85,,NW,9,,37.7,28,,NW,17,
2024-12-28,8311,18.8,26.8,0.2,,,E,35,14:12,23.3,62,,ESE,9,,25.3,58,,E,22,
2024-12-29,12153,16,30.1,0,,,E,39,13:29,24.5,46,,W,9,,27.5,34,,E,20,
2024-12-30,5483,18.7,27.6,0,,,ESE,37,15:00,24,60,,ESE,9,,26.6,54,,E,20,
2024-12-31,3028,19,28.3,0,,,ESE,35,13:46,23.8,76,,SSE,9,,27,62,,ESE,19,
2025-01-01,2666,21,32.3,0,,,E,35,14:55,25.4,63,,ENE,9,,30.4,44,,E,20,
2025-01-02,4000,21.1,23.7,0,,,SSE,46,1:16,21.5,64,,SSE,20,,22.2,62,,SSE,15,
2025-01-03,6640,17.2,26.1,0.8,,,ENE,31,18:36,21.6,75,,ENE,4,,24.7,57,,E,17,
2025-01-04,4524,19,30.6,0,,,E,35,13:41,24.9,56,,NNW,9,,29,47,,ENE,15,
2025-01-05,9841,18.8,34.3,0,,,E,28,14:07,26.2,60,,WNW,2,,33.6,37,,E,17,
2025-01-06,8056,19.9,34.4,0,,,E,31,13:56,28.5,52,,ESE,6,,32.9,36,,E,22,
2025-01-07,5877,20,22.2,13.2,,,SSE,44,16:07,20,83,,SSE,19,,20.7,83,,S,13,
2025-01-08,4726,17.9,20.4,3,,,S,41,11:00,20.2,67,,S,15,,17.6,95,,S,13,
2025-01-09,5224,16.5,24.3,40.2,,,SE,39,12:43,20,89,,SSW,11,,22.3,78,,SSE,20,
2025-01-10,4902,19.3,26.3,0.2,,,NNE,35,10:22,23.3,85,,SE,7,,25.8,71,,E,15,
2025-01-11,4717,19.2,28.3,23.4,,,E,35,14:18,22.1,90,,SSE,6,,25.5,71,,ESE,22,
2025-01-12,5224,18.7,29.3,0,,,NNE,37,17:15,24.5,68,,WNW,6,,28.3,56,,E,13,
2025-01-13,6708,20.8,30.8,0,,,E,30,17:03,23.8,79,,WNW,7,,30.7,56,,ENE,11,
2025-01-14,5239,21.9,31.1,0,,,E,28,14:02,25,82,,NW,7,,30.2,59,,E,17,
2025-01-15,4948,21.8,32.9,0,,,WNW,69,19:17,25.8,74,,NW,6,,31.5,58,,ENE,17,
2025-01-16,5626,18.7,21.8,39.4,,,SSE,44,14:53,18.7,89,,SSW,17,,19.9,71,,S,19,
2025-01-17,6669,17.8,21.4,11.8,,,SSE,72,15:10,19.1,63,,S,20,,20.4,65,,S,20,
2025-01-18,4967,17.4,24.8,11.4,,,SSE,52,0:40,20.6,89,,SSE,20,,24.4,72,,SE,28,
2025-01-19,6249,17.2,24,5.2,,,ESE,43,23:06,21.3,59,,SSE,13,,20.8,61,,SSE,20,
2025-01-20,6959,14.4,25.6,0,,,ESE,30,13:15,20.4,65,,WSW,7,,24.1,52,,E,17,
2025-01-21,5424,15,27,0,,,ENE,33,16:56,20.4,71,,NW,2,,26.7,55,,E,19,
2025-01-22,9213,18.8,37.6,0.4,,,,,,22.6,76,,NW,6,,27.1,62,,SSE,31,
2025-01-23,10033,19.9,24.9,,,,S,31,0:43,21.9,60,,SSE,15,,22.6,61,,SE,13,
2025-01-24,7110,18.4,25.9,0.2,,,SSE,50,15:03,22.2,68,,WSW,6,,24.2,53,,SSE,26,
2025-01-25,10246,17.3,27.7,0,,,E,31,17:04,22.7,61,,E,4,,26.7,53,,NE,13,
2025-01-26,11736,18.8,27.4,0,,,E,37,15:46,23.5,78,,SSE,13,,26.9,62,,ESE,24,
2025-01-27,8060,23.3,35.2,0,,,SSW,63,18:10,25.9,70,,NE,9,,32.7,53,,E,17,
2025-01-28,9446,21.6,41.6,13.4,,,SSE,72,16:18,29.3,70,,,Calm,,41.3,22,,WSW,9,
2025-01-29,8294,17.9,24.9,5.6,,,SE,26,16:15,21.3,71,,SW,9,,24.3,63,,ESE,13,
2025-01-30,4147,19.4,24.7,1.2,,,SSE,28,20:38,20.5,97,,NW,6,,24.2,72,,SE,11,
2025-01-31,7195,20.3,25.7,0.2,,,SSE,30,23:36,22.7,75,,SE,13,,25,63,,SSE,17,
2025-02-01,8005,19.8,27.3,0,,,ESE,31,14:56,23.7,75,,SE,13,,26.6,58,,E,22,
2025-02-02,7021,18.3,28.2,0,,,E,31,15:17,24.9,68,,,Calm,,27.2,49,,E,19,
2025-02-03,12189,19.2,30.4,0,,,E,37,15:40,24.7,69,,ENE,2,,29.1,54,,E,17,
2025-02-04,6824,20.2,31.5,0,,,ESE,30,13:33,25.6,72,,ENE,6,,30.8,57,,E,17,
2025-02-05,4575,21.8,32,0,,,SE,43,12:45,27.4,69,,NW,7,,27.6,61,,SSE,15,
2025-02-06,6740,20.5,28.2,0.2,,,SE,28,10:30,25.1,71,,W,4,,27.6,63,,E,15,
2025-02-07,7197,20.2,31.6,0,,,E,37,14:16,25.1,77,,,Calm,,29.9,53,,E,19,
2025-02-08,3506,20.7,30.2,0,,,E,30,12:31,24.8,72,,NNE,7,,29.3,50,,E,19,
2025-02-09,3269,19.5,28.9,8.8,,,SE,33,14:07,23.3,78,,SW,7,,27.6,60,,SSE,17,
2025-02-10,4812,22,25.5,0,,,WNW,35,11:20,24.3,74,,SSE,13,,20.1,88,,NW,11,
2025-02-11,7356,17.3,27.6,36.8,,,E,31,13:27,22.4,78,,SSE,6,,24.4,70,,E,15,
2025-02-12,7004,18.6,27.7,0,,,E,35,14:27,23.2,76,,S,9,,26.9,60,,E,20,
2025-02-13,4797,21.4,29.6,0,,,NE,41,15:05,25.5,73,,N,9,,28.8,60,,NE,17,
2025-02-14,6626,22,26.8,0,,,ENE,22,17:13,26.1,72,,WNW,7,,25.1,81,,ENE,7,
2025-02-15,2347,20,28.8,11,,,E,30,12:56,22.9,69,,S,11,,25.8,59,,E,17,
2025-02-16,5248,14.3,22.1,0,,,S,39,8:36,17.5,52,,SW,15,,21.4,38,,SE,19,
2025-02-17,14252,12.4,23.8,0,,,ESE,35,15:37,17.5,52,,W,9,,22.3,45,,ESE,20,
2025-02-18,7823,12.9,27.5,0,,,E,26,16:41,17.9,68,,WNW,6,,26.2,44,,E,11,
2025-02-19,4109,15.9,26.9,0,,,E,31,14:01,21,77,,WNW,2,,26.2,54,,ESE,17,
2025-02-20,3090,19.3,23,0,,,SSE,33,6:55,20,80,,SE,7,,22.3,65,,SSE,19,
2025-02-21,3044,17.9,24.5,0,,,E,30,14:03,20.9,68,,SSW,9,,22.5,78,,E,17,
2025-02-22,2662,19.8,28.5,4.6,,,NE,37,17:24,22.4,80,,E,6,,26.9,58,,ENE,13,
2025-02-23,6162,16.7,30.6,0,,,ESE,28,13:05,21.2,80,,WNW,6,,29.1,52,,E,13,
2025-02-24,10353,20.6,27.8,0.2,,,ESE,37,13:34,24.4,75,,NW,6,,25.5,67,,ESE,24,
2025-02-25,9601,20.4,23.2,0.2,,,SSE,28,10:43,20.6,89,,SSW,7,,22.8,69,,SE,15,
2025-02-26,7216,18.7,29.3,0.2,,,NE,31,16:14,22.3,77,,,Calm,,28.1,65,,NE,11,
2025-02-27,6556,21.1,30,0.2,,,E,31,16:19,24.1,82,,N,6,,29.6,59,,E,17,
2025-02-28,5440,19.7,36.1,0,,,SE,33,21:27,24.2,78,,WNW,7,,35.9,33,,ENE,9,
2025-03-01,7576,22.3,30.4,0,,,ESE,30,14:36,23.5,74,,S,6,,29.6,60,,ESE,19,
2025-03-02,8149,21,27.2,0,,,SSE,35,16:26,24,84,,S,9,,23.6,82,,SSE,15,
2025-03-03,5832,21.1,24.9,0,,,S,41,16:50,22.4,74,,SSW,13,,24.5,66,,S,17,
2025-03-04,3719,19.1,26.3,6.8,,,SSE,43,8:14,23,84,,SE,11,,24.7,62,,SE,20,
2025-03-05,6571,18.4,26.6,9.2,,,ESE,31,16:15,21.2,94,,WSW,6,,25.2,57,,ESE,19,
2025-03-06,2194,18.7,26.7,0.6,,,E,39,12:29,22.5,83,,ESE,6,,25.2,61,,SSE,20,
2025-03-07,1924,19.5,26.1,0.4,,,ESE,37,12:35,22.5,78,,SSE,9,,25.6,54,,ESE,22,
2025-03-08,2762,19.1,25.5,0.4,,,E,33,23:47,21.5,89,,W,4,,25.1,63,,E,20,
2025-03-09,1111,20.8,28.4,1.6,,,NE,31,11:33,22.3,88,,SW,6,,27.2,54,,NE,17,
2025-03-10,2535,19.3,27.3,0.2,,,NE,31,11:16,23.8,77,,NE,7,,25.7,67,,N,9,
2025-03-11,1627,20.8,23.9,10.8,,,ESE,28,15:16,21.3,99,,W,4,,23.9,79,,ENE,7,
2025-03-12,3071,19.4,27.7,3,,,E,22,15:27,20.8,97,,WNW,6,,27.1,59,,NE,9,
2025-03-13,7824,18.4,31.5,0,,,E,24,15:12,21,93,,WNW,6,,30.1,54,,ENE,11,
2025-03-14,3988,19.1,34,0,,,NE,24,16:04,22.4,94,,NNW,6,,32.7,52,,E,13,
2025-03-15,4542,22.3,34.5,0,,,E,24,14:04,25.4,79,,WNW,7,,31.2,61,,E,15,
2025-03-16,2751,21.7,37.6,0,,,NW,39,14:02,25.9,84,,,Calm,,37.3,25,,WNW,19,
2025-03-17,6266,16.8,21.3,0,,,SE,43,23:58,18.5,47,,SSW,13,,20.8,40,,SSE,19,
2025-03-18,1960,13.4,24.3,0,,,E,26,14:39,17,66,,WNW,6,,23.6,49,,E,11,
2025-03-19,7172,16.4,29.5,0,,,NE,35,18:01,19.3,86,,NW,6,,27.5,57,,E,17,
2025-03-20,7600,19.3,30.7,0,,,E,30,14:53,22.1,77,,NW,6,,29.7,57,,E,17,
2025-03-21,4470,19.6,29.3,0,,,SSE,26,19:09,21.8,87,,NNW,9,,26,71,,NW,11,
2025-03-22,6232,20.8,26.4,0.6,,,SE,26,15:47,21.1,81,,SW,6,,25.9,64,,E,15,
2025-03-23,10776,20.7,22.1,21.4,,,SSE,15,23:03,21,99,,W,6,,21.9,89,,S,7,
2025-03-24,3404,20.1,25.7,4,,,ESE,20,15:30,21.1,99,,,Calm,,24.3,71,,NE,6,
2025-03-25,11918,19.8,26.2,0,,,SE,28,10:49,21.8,97,,,Calm,,25.7,62,,E,13,
2025-03-26,3831,19.4,27.8,2.2,,,E,26,14:37,21.1,98,,NNW,6,,26.6,56,,E,11,
2025-03-27,3551,17.4,26.5,0,,,E,28,13:44,19.8,94,,WNW,4,,25.6,64,,E,20,
2025-03-28,2247,18.4,26.2,5.2,,,ENE,28,11:49,20.4,98,,S,4,,24.5,70,,ENE,9,
2025-03-29,2292,19.1,21.9,27.4,,,W,26,21:43,19.8,99,,SSE,9,,20.2,98,,W,11,
2025-03-30,1462,18.7,24.9,21.8,,,SE,44,13:05,20.1,89,,SW,9,,24.7,69,,S,24,
2025-03-31,4500,18,24.5,11.8,,,S,50,13:04,19.7,81,,WSW,11,,23,62,,S,24,
2025-04-01,2674,17.7,23.7,0,,,SSE,41,12:25,19.2,71,,SW,11,,22.5,57,,SSE,17,
2025-04-02,3108,14.6,24.8,0,,,E,24,16:04,16.2,78,,WSW,6,,24.1,42,,E,7,
2025-04-03,7760,13.4,27.5,0,,,SSW,28,12:24,16.4,96,,WNW,7,,27.1,34,,WSW,13,
2025-04-04,2456,13.9,26.1,0,,,ESE,28,13:42,17.7,87,,WNW,7,,24.6,63,,ESE,15,
2025-04-05,6743,14,26.6,0,,,ESE,33,14:44,16.9,80,,WNW,6,,25.9,29,,SSE,13,
2025-04-06,2196,13.2,27.1,0,,,NNW,26,11:40,20.1,69,,WNW,13,,26.7,22,,ESE,6,
2025-04-07,7405,13.3,27.4,0,,,SW,26,10:01,21.7,47,,WNW,13,,26.5,34,,SSW,11,
2025-04-08,3656,16.6,22.6,0,,,ESE,26,14:05,18,74,,W,6,,21.3,63,,ESE,15,
2025-04-09,4530,16.8,23.6,3.2,,,ESE,26,13:25,19.5,84,,SE,6,,22.7,63,,E,13,
2025-04-10,3764,14.4,24.7,0.2,,,ESE,20,14:32,19.1,92,,WNW,7,,23.9,67,,ESE,11,
2025-04-11,4853,14.8,29.6,0,,,SSE,26,16:35,21.8,78,,WNW,7,,27.5,51,,E,15,
2025-04-12,5095,15.8,25.9,0,,,ESE,30,13:26,23.1,68,,,Calm,,24.8,67,,ESE,17,
2025-04-13,2365,16.2,26.6,0,,,E,24,15:45,21.8,82,,WSW,6,,26,52,,NE,9,
2025-04-14,11561,15.1,28.9,0.2,,,S,46,14:08,21.1,83,,NW,7,,24,63,,SSE,26,
2025-04-15,3263,17.5,22.9,1.6,,,S,43,12:20,18.9,80,,SSW,9,,18,78,,SE,22,
2025-04-16,5019,16.6,22.5,0,,,SSE,33,16:06,19.2,59,,SW,11,,22,56,,SSE,19,
2025-04-17,3257,15.7,24.4,2,,,S,37,13:34,19.8,73,,W,9,,22.6,54,,SE,20,
2025-04-18,2749,12.7,25.5,0.2,,,SE,20,14:47,19.7,66,,W,7,,24,55,,ESE,15,
2025-04-19,3410,13.2,30.7,0,,,NE,22,16:39,19.3,70,,WNW,13,,30.1,29,,NNW,9,
2025-04-20,5133,12.3,30.6,0,,,E,22,16:06,22.6,58,,WNW,6,,28.9,33,,E,13,
2025-04-21,5125,16.1,28.1,0,,,SW,26,12:55,22.8,57,,W,11,,25,49,,SSE,13,
2025-04-22,3881,13.3,23.9,0.2,,,SSW,37,10:31,20.1,71,,WSW,9,,22.1,69,,SSE,22,
2025-04-23,2584,17.9,24.2,16.8,,,ESE,48,3:39,22.3,73,,ESE,15,,23.4,66,,E,20,
2025-04-24,7873,15.4,24.2,2.4,,,E,26,13:03,20.7,81,,SSE,7,,23.2,64,,E,17,
2025-04-25,1231,16.2,23.1,4.6,,,WNW,17,9:29,16.8,99,,WNW,9,,21.5,87,,,Calm,
2025-04-26,1006,15,24.1,3.4,,,E,30,21:42,18.3,99,,W,6,,23.3,70,,E,11,
2025-04-27,2641,17,21.4,26,,,S,35,16:15,18.3,100,,WNW,6,,21.3,72,,SSE,13,
2025-04-28,7771,16.6,22.1,6,,,SSW,37,11:13,19.5,84,,WSW,4,,21.5,72,,SSE,13,
2025-04-29,6339,13.8,24.6,0.8,,,SE,26,13:02,19.3,77,,WNW,7,,19.6,85,,SSE,13,
2025-04-30,8176,15.2,18.3,8.2,,,SSE,35,10:43,16.4,86,,SSW,11,,16.1,77,,WSW,13,
2025-05-01,8866,12.2,19.5,5.6,,,S,43,13:42,15.5,72,,SSW,9,,17.4,66,,SSW,13,
2025-05-02,5397,10.6,20.3,18,,,ESE,28,12:56,13.9,99,,W,7,,19.8,62,,S,11,
2025-05-03,4196,10.6,22.2,0.8,,,ESE,20,12:52,14,86,,NW,6,,21.4,46,,E,11,
2025-05-04,3645,10.9,22.8,0.2,,,E,20,13:59,16.9,77,,WNW,9,,21.9,64,,NE,7,
2025-05-05,3284,14.2,24.9,1.2,,,N,20,11:00,19.6,90,,NW,6,,24.2,52,,NE,6,
2025-05-06,2191,13.2,26.6,0.2,,,W,17,14:53,17.4,97,,WNW,9,,26.1,37,,WNW,9,
2025-05-07,10603,13.4,27.1,0,,,NW,19,11:25,17.1,94,,,Calm,,26.2,44,,NNW,11,
2025-05-08,5749,12.8,19.1,0,,,,,,17.4,60,,SW,9,,18.7,54,,SE,17,
2025-05-09,5321,11,18.9,0,,,SE,28,12:04,14.8,62,,WSW,9,,18.4,70,,SE,7,
2025-05-10,5253,11.4,22.3,1,,,ESE,22,15:54,17.1,88,,WNW,7,,19.9,62,,ESE,13,
2025-05-11,5036,12.9,21.6,0.2,,,E,20,13:38,16.6,91,,W,6,,20.9,68,,E,7,
2025-05-12,3001,16.5,21.5,3.2,,,E,15,15:49,17.8,99,,,Calm,,21.2,75,,ENE,6,
2025-05-13,3884,14.6,23.2,0,,,N,19,12:10,17.6,100,,WNW,6,,20.2,85,,SE,6,
2025-05-14,7773,14.7,24.3,1.8,,,E,19,14:47,16.7,99,,NW,6,,22.5,68,,E,11,
2025-05-15,2649,13.6,19.9,0.8,,,SE,22,14:22,15.9,96,,W,6,,17.5,92,,SW,2,
2025-05-16,3119,15.6,21.7,18.8,,,SE,17,13:27,16.6,99,,W,6,,19.5,82,,ESE,7,
2025-05-17,1922,12.8,22.4,1,,,ESE,24,14:24,15.9,100,,NW,9,,20.8,62,,SE,11,
2025-05-18,1808,12.9,16.5,1.6,,,S,41,16:09,14,88,,WSW,6,,16,61,,SW,9,
2025-05-19,2616,12.5,17.9,23.2,,,SSE,50,13:14,15.9,65,,SE,15,,16.7,66,,SSE,17,
2025-05-20,6019,13.4,20.6,3.2,,,SSE,35,1:00,15,90,,SSW,7,,19.4,58,,ESE,15,
2025-05-21,2647,14.7,19,1.6,,,ENE,30,12:52,17.2,90,,SSE,7,,18.2,85,,NNE,6,
2025-05-22,8138,16.7,19.4,20,,,ESE,37,13:38,18.2,91,,ESE,17,,18.4,96,,SE,9,
2025-05-23,3325,16.7,22,118,,,ESE,37,4:48,18.9,99,,E,9,,21.2,78,,N,7,
2025-05-24,6840,10.7,22,2.4,,,WNW,39,15:00,18.1,65,,NW,9,,21.4,47,,WNW,20,
2025-05-26,5144,8.2,18.8,0,,,NNW,20,13:27,12.1,84,,NNW,6,,16.6,70,,WNW,6,
2025-05-27,7610,11.9,19,3.4,,,WNW,54,14:27,16.1,70,,WNW,11,,17.8,43,,WNW,24,
2025-05-28,6805,8.7,20.1,0,,,WNW,24,4:25,15,61,,WNW,9,,19.4,38,,SSW,11,
2025-05-29,2160,11.7,17.9,0,,,SW,24,9:25,14.5,60,,W,9,,17.8,66,,,Calm,
2025-05-30,2514,8.1,21.5,0,,,SE,20,15:23,12.5,80,,WNW,11,,19.8,59,,SE,7,
2025-05-31,5487,10.7,21.2,0,,,E,19,14:37,13.5,86,,W,6,,18.3,69,,ESE,9,
2025-06-01,3825,8.5,21.4,0,,,WNW,17,9:06,12.3,99,,WNW,9,,20.3,58,,N,9,
2025-06-02,2516,9.8,17.8,0,,,WNW,20,10:32,12.3,100,,NW,9,,17.4,73,,,Calm,
2025-06-03,3271,9.2,19.1,0,,,S,28,12:46,12,100,,WNW,9,,18.9,47,,SSE,15,
2025-06-04,2960,10.1,15.1,2.2,,,SSW,44,13:03,10.3,87,,W,9,,15,54,,SSW,20,
2025-06-05,6641,6.8,18.6,0.2,,,WNW,28,10:07,11.6,59,,W,11,,17.7,47,,SSW,7,
2025-06-06,4608,5.1,17.6,0,,,WNW,24,8:51,9.3,90,,WNW,13,,16,64,,,Calm,
2025-06-07,4042,8.1,20.8,0,,,WNW,52,14:07,15.4,62,,NNW,9,,18.8,38,,WNW,22,
2025-06-08,14414,7.5,17.2,0,,,WNW,48,9:25,13.8,52,,NW,20,,16.1,37,,WNW,22,
2025-06-09,1155,6.7,16.1,0,,,WNW,50,11:41,11.2,57,,NW,15,,12.5,61,,WNW,17,
2025-06-10,8106,6.7,18.5,1.8,,,WNW,41,11:10,12.5,74,,WNW,9,,17.3,43,,SW,19,
2025-06-11,2076,5.3,17.6,0,,,W,30,9:27,10.9,71,,WNW,13,,16.8,40,,WSW,13,
2025-06-12,4239,5.1,16.7,0,,,W,24,9:50,10.3,74,,W,7,,15.2,57,,SSE,9,
2025-06-13,1676,7,16.4,0,,,SSE,30,15:31,10.4,77,,WNW,7,,14.8,60,,SSW,15,
2025-06-14,1614,6,18,0.2,,,ESE,22,12:16,10.5,89,,NW,6,,16.5,63,,SE,11,
2025-06-15,1625,6.6,19.7,0,,,WNW,30,16:33,9.8,100,,NW,6,,18.1,49,,NW,4,
2025-06-16,1516,4.2,17,4.6,,,WNW,19,8:46,8,100,,NW,11,,16.9,46,,SE,2,
2025-06-17,8041,3.6,19.3,0,,,WNW,31,12:02,7.9,100,,,Calm,,18.5,40,,NW,11,
2025-06-18,2023,3.9,17.9,0,,,WNW,22,11:27,8.6,83,,NNW,6,,16.9,40,,WNW,4,
2025-06-19,2226,3.5,18.5,0,,,WNW,15,10:23,6.9,96,,WNW,7,,18.1,50,,E,2,
2025-06-20,7133,4.6,18.7,0,,,WNW,19,8:58,7.8,98,,WNW,11,,17.7,48,,E,6,
2025-06-21,3178,5.1,19.2,0.2,,,NW,13,6:54,7.8,99,,WNW,9,,18.7,52,,ENE,6,
2025-06-22,2352,3.8,20.1,0,,,WNW,20,10:42,8,100,,WNW,9,,19.7,47,,,Calm,
2025-06-23,4938,4.6,22.9,0,,,N,28,14:34,8.9,100,,NW,4,,22.3,51,,NNW,13,
2025-06-24,1748,8.7,21.7,0,,,,,,18.3,64,,N,15,,19.9,58,,NW,15,
2025-06-25,2089,12.4,17.6,1.6,,,WNW,61,12:02,14.2,48,,WNW,28,,16.2,48,,WNW,28,
2025-06-26,5403,6.3,15.7,0,,,WSW,31,10:16,10,52,,WSW,9,,14.5,43,,SSE,13,
2025-06-27,6313,6,15.8,0,,,SSW,20,12:18,10.5,62,,WNW,9,,15,61,,SSE,11,
2025-06-28,2419,5.7,18.2,0,,,W,17,9:04,9.7,89,,WNW,7,,17.1,59,,ENE,6,
2025-06-29,3861,6.2,19.6,0,,,WNW,19,9:28,8.8,99,,WNW,6,,18.7,45,,E,6,
2025-06-30,13380,6.3,18,0,,,SSE,24,14:48,9.8,89,,WNW,7,,16.1,62,,SSE,13,
2025-07-01,2660,9.8,15.4,13.8,,,WSW,46,19:13,11.8,96,,WSW,11,,11.2,91,,W,22,
2025-07-02,3328,10.5,18.3,72.8,,,SSW,48,5:26,13.9,92,,WSW,15,,16.1,71,,SW,13,
2025-07-03,6001,13,18.8,2,,,W,44,0:11,15.2,61,,SW,13,,18.5,43,,SW,13,
2025-07-04,5172,7.1,19.7,0,,,W,22,10:32,12,77,,W,7,,18.9,44,,WSW,6,
2025-07-05,1834,5.3,18.3,0,,,ENE,19,15:55,9.2,100,,WNW,7,,17.9,62,,ENE,9,
2025-07-06,6948,8.7,22,0,,,WNW,52,18:31,12.3,88,,WNW,2,,21.5,53,,NW,15,
2025-07-07,7226,7.5,18,4.8,,,WNW,28,12:02,11.5,99,,WNW,9,,15.3,57,,SW,7,
2025-07-08,4553,5.1,16.7,0,,,NNW,30,20:11,8.7,99,,,Calm,,15.6,55,,NNW,11,
2025-07-09,7524,5.7,20.9,0,,,WNW,20,12:43,11.7,99,,,Calm,,20,41,,NNW,7,
2025-07-10,6702,6.9,17.2,0,,,WNW,69,13:49,14.7,51,,NW,17,,14.7,47,,WNW,26,
2025-07-11,6746,5.8,18.6,0,,,WNW,50,14:04,12.3,63,,NW,9,,17.3,41,,W,20,
2025-07-12,1873,5.7,20.4,0,,,S,24,12:46,12,81,,NW,2,,17.9,47,,ESE,15,
2025-07-13,2713,4.1,18.5,0,,,WNW,24,17:30,8.4,99,,WNW,9,,16.9,51,,NW,7,
2025-07-14,10263,7.1,19.3,0,,,WNW,35,2:55,15.5,40,,WSW,9,,18.4,24,,SSW,9,
2025-07-15,1841,4.5,15,0,,,WNW,20,12:47,8.6,95,,,Calm,,14.2,51,,W,9,
2025-07-16,4066,2.9,18.3,0,,,WNW,26,10:57,9.5,77,,WNW,9,,17.9,39,,W,7,
2025-07-17,2051,3.1,17.8,0,,,WNW,17,9:50,7.4,97,,NW,9,,17.3,46,,WNW,6,
2025-07-18,3015,5,16.2,0,,,SE,33,13:43,11.6,73,,W,9,,15.6,53,,S,19,
2025-07-19,2059,4.3,19.5,0,,,WNW,20,10:45,9.6,89,,WNW,7,,18.3,34,,WSW,7,
2025-07-20,4286,2.8,19.2,0,,,SE,28,13:20,8.8,82,,WNW,11,,16.9,59,,SSE,13,
2025-07-21,9002,6.7,19.4,0,,,E,20,15:54,11.4,100,,WNW,6,,17.5,71,,ESE,13,
2025-07-22,5341,7.3,19.8,0,,,N,22,14:17,10.6,100,,,Calm,,18.3,63,,NNW,9,
2025-07-23,4352,10.5,19.7,2.2,,,W,28,15:43,15.8,90,,WNW,7,,17.4,46,,SW,13,
2025-07-24,3175,5.2,17.9,0.2,,,W,28,9:57,11,59,,W,11,,17.6,31,,WSW,9,
2025-07-25,3910,2.4,18.4,0,,,NE,26,23:22,9.2,82,,WNW,9,,17.6,35,,NNE,9,
2025-07-26,2127,9,19.2,3.4,,,NW,31,16:20,11.7,95,,ENE,6,,18.7,64,,N,9,
2025-07-27,3268,11.3,19.2,0,,,NW,41,11:14,14.4,64,,NW,17,,15.4,63,,NW,15,
2025-07-28,5903,10.5,19.2,0,,,WNW,41,11:57,14.8,60,,NW,11,,17.8,44,,WNW,19,
2025-07-29,8567,6.4,17.2,0,,,W,31,10:13,14.2,64,,WNW,11,,15.9,50,,SW,11,
2025-07-30,2406,8.7,12.1,0.8,,,S,24,7:48,11.3,85,,S,11,,10.8,98,,WSW,7,
2025-07-31,12193,9.4,15.2,28.2,,,SW,50,11:53,10.5,96,,WSW,7,,13.1,74,,SSE,15,
2025-08-01,3340,8,14.4,4,,,SE,31,15:43,9.4,94,,WNW,4,,14.3,77,,S,7,
2025-08-02,7020,9.4,16.5,16.6,,,SE,56,20:39,12.3,100,,,Calm,,15.3,83,,SSE,19,
2025-08-03,2873,12.3,17.2,25.2,,,SSE,39,12:06,15.4,81,,SE,17,,14.9,99,,S,9,
2025-08-04,5521,9.2,20.1,21.2,,,SSW,17,10:18,13.5,100,,WSW,2,,19,70,,E,7,
2025-08-05,12318,10,22.6,0.4,,,WNW,19,8:54,12.6,100,,WNW,11,,22.3,49,,NW,6,
2025-08-06,3662,6.4,19.2,0,,,WSW,30,10:07,13.3,62,,W,13,,18.9,34,,SW,13,
2025-08-07,2351,7.7,16.9,1,,,SSE,31,11:24,11.7,97,,,Calm,,15.7,59,,SSE,13,
2025-08-08,3048,7.3,17.4,0.2,,,SE,28,11:37,12.2,91,,WSW,6,,15.9,63,,SSE,13,
2025-08-09,2334,10.7,17.7,32.8,,,SSE,35,16:36,12.4,100,,W,6,,15.7,70,,SSE,15,
2025-08-10,2450,9.2,16.2,23.2,,,SE,31,18:08,12.9,100,,SW,7,,14.4,78,,S,9,
2025-08-11,8111,8,16.7,9.4,,,ESE,24,13:24,10.5,100,,W,7,,15.6,69,,ESE,13,
2025-08-12,8316,5.5,18.7,0,,,ESE,22,16:43,11.1,89,,W,9,,17.1,55,,ESE,9,
2025-08-13,4818,6,20.5,0.2,,,ESE,19,15:53,11.9,95,,WNW,6,,20.1,40,,ENE,6,
2025-08-14,3530,9.5,14.3,6.8,,,S,28,1:40,11.5,80,,WSW,7,,12.6,96,,SW,7,
2025-08-15,2509,9.3,20.7,10.4,,,NW,22,14:21,13.9,98,,WNW,9,,19.7,58,,NNW,9,
2025-08-16,2246,8.2,20,0,,,W,31,16:34,15.2,71,,W,7,,18.5,39,,SW,17,
2025-08-18,6404,4.2,15.1,0,,,SE,30,12:02,10.7,60,,WSW,11,,10.3,91,,SW,4,
2025-08-19,1563,7.9,16.2,18,,,SSE,26,16:41,10.8,100,,NW,6,,15,76,,SE,9,
2025-08-20,2729,10.3,14,14.6,,,ESE,30,14:07,12.7,100,,,Calm,,12.4,98,,SSE,6,
2025-08-21,4713,11,15.9,49.8,,,E,28,9:41,13.9,100,,,Calm,,14.6,92,,NNW,9,
2025-08-22,6061,11.2,16.9,36.2,,,WSW,13,3:24,13.6,100,,WSW,6,,16.5,88,,ESE,7,
2025-08-23,7527,10.4,20.7,4.4,,,S,33,11:48,15.6,74,,WSW,11,,19,52,,S,19,
2025-08-24,4303,9.1,19,0,,,SSW,28,9:33,14.5,57,,WSW,13,,17.2,58,,WSW,7,
2025-08-25,5844,11.9,22.5,0,,,W,22,9:03,16.5,68,,W,11,,20.2,66,,ESE,11,
2025-08-26,3546,10,25.3,0,,,NE,24,20:40,17.6,85,,SSE,4,,24,54,,NE,9,
2025-08-27,3576,14.9,21.3,0,,,NW,48,13:27,20,64,,NW,9,,16.9,59,,NW,15,
2025-08-28,5006,7.4,20.2,0,,,WNW,63,15:36,16.3,43,,NW,9,,19.6,32,,WNW,22,
2025-08-29,5527,6.6,20.9,0,,,WNW,56,12:27,17.4,45,,WNW,9,,19.5,37,,NW,19,
2025-08-30,2628,9,18.4,0,,,NW,46,6:58,14.4,42,,W,15,,17.6,34,,WSW,17,
2025-08-31,3207,4.6,21.2,0,,,E,24,17:17,13.4,60,,WNW,9,,20.1,34,,ENE,7,
2025-09-01,7369,5.4,20.6,0,,,ESE,26,15:02,12.9,60,,W,9,,18.8,48,,ESE,17,
2025-09-02,4829,8.5,20.1,1,,,E,26,14:48,15.8,76,,W,7,,18.8,56,,ENE,9,
2025-09-04,3225,9.7,24,0,,,NNW,39,14:56,16.7,46,,NNW,11,,23.7,29,,NW,19,
2025-09-05,3627,7.8,18.6,0,,,ESE,33,16:31,16.5,64,,SSW,9,,17.2,56,,SE,19,
2025-09-06,1380,8.1,21.2,0,,,N,28,11:45,16.8,60,,WNW,4,,20.3,51,,NE,11,
2025-09-07,4405,8.7,26.5,0,,,NNE,24,14:06,15.4,76,,W,6,,24.6,47,,ENE,9,
2025-09-08,5710,15.3,28.5,0,,,NW,43,10:42,23.3,41,,WNW,17,,28.1,35,,NW,19,
2025-09-09,3709,15.2,26.1,3,,,NW,33,13:01,19.1,77,,NW,7,,25.8,45,,NW,13,
2025-09-10,2644,16,18.3,5.6,,,SE,48,16:36,16.7,100,,ESE,9,,17.1,94,,NW,6,
2025-09-11,3619,10,17.8,56.6,,,W,41,4:23,12,100,,W,9,,16.7,52,,S,15,
2025-09-12,6105,7.6,21.2,2.4,,,NW,24,12:13,15.2,66,,WSW,9,,20.8,32,,W,7,
2025-09-13,2132,7.6,21.6,0,,,E,22,13:48,14.9,61,,WSW,7,,20.5,53,,E,11,
2025-09-14,2911,8.7,25,0,,,NW,30,11:40,16.3,76,,WNW,9,,24.6,29,,NW,11,
2025-09-15,6268,6.9,27.8,0,,,NW,35,13:17,19.4,52,,NNW,2,,27.4,29,,WNW,13,
2025-09-16,3122,12.7,28.1,0,,,NNW,43,12:24,22.5,42,,NNW,17,,27.1,34,,NNW,20,
2025-09-17,4536,17.6,26.7,0,,,WNW,33,13:13,20.7,58,,W,9,,25.6,22,,WNW,15,
2025-09-18,2758,8.1,21.4,0,,,WSW,24,1:16,16.8,51,,WNW,7,,20.7,46,,ENE,11,
2025-09-19,9378,9.7,25.6,0,,,NW,26,13:32,17.5,63,,WNW,9,,23.9,34,,NW,9,
2025-09-20,3310,15.6,23,3.6,,,WNW,46,12:54,21,37,,W,19,,21.8,28,,SW,17,
2025-09-21,2691,7.1,22.8,0.2,,,WNW,31,18:15,18,45,,WNW,11,,22.1,35,,WNW,11,
2025-09-22,3821,8.5,23,0,,,SSE,39,17:38,19.4,51,,WNW,11,,17.5,68,,SE,20,
2025-09-23,15660,6.1,18.3,6,,,SE,28,13:44,14.4,51,,SW,11,,17.7,39,,SE,17,
2025-09-24,7170,7,26,0,,,WSW,50,12:29,17.8,51,,WNW,11,,25.4,19,,SW,13,
2025-09-25,9362,8.4,26,0,,,WNW,44,14:51,17.9,48,,NNW,11,,25.7,19,,WSW,22,
2025-09-26,7619,12.4,28.6,0,,,WNW,46,12:48,20.9,42,,NW,11,,27.1,26,,WNW,20,
2025-09-27,7307,16.2,28.3,0,,,NNW,31,12:27,22.8,32,,NNW,11,,28.1,24,,NNW,15,
2025-09-28,1841,14.1,24.3,0,,,SE,33,9:22,21.5,73,,ESE,20,,21.8,69,,SE,19,
2025-09-29,9633,16,24,0,,,NW,28,11:15,18.2,74,,WSW,6,,22.6,58,,SSE,11,
2025-09-30,5182,12.7,27.9,0,,,NE,28,13:42,20.2,79,,NNW,13,,26.8,58,,NE,11,
2025-10-1,3200,18.7,27.3,0,,,WNW,46,14:04,22.6,33,,WSW,11,,25.7,24,,WNW,20,
2025-10-2,4510,9.3,26.1,0,,,WNW,61,17:02,22.1,28,,NNW,13,,23.2,27,,WNW,26,
2025-10-3,7165,7.7,25.9,0,,,SSW,43,16:24,18.9,37,,WNW,20,,25.1,24,,SW,17,
2025-10-4,3910,10.5,24.3,0,,,ESE,31,13:24,20.2,47,,WSW,7,,21,59,,E,19,
2025-10-5,8023,11.9,31.2,0,,,WNW,28,15:53,17.2,88,,WNW,6,,30.3,25,,NNW,9,
2025-10-6,1862,17.2,32.6,0,,,SE,41,14:26,24,32,,NW,11,,31.5,22,,W,11,
2025-10-7,7312,16.2,23,4,,,,,,17.8,85,,NNW,6,,22.6,67,,NE,11,
2025-10-8,6001,13.3,31.9,0,,,WNW,54,22:57,20.3,66,,,Calm,,29.2,40,,E,19,
2025-10-9,2637,20.1,27.1,0,,,NW,54,23:06,23.8,53,,NW,9,,26.8,43,,NW,17,
2025-10-10,3049,14.5,31.3,0,,,WNW,43,16:28,22.4,64,,WNW,15,,30.8,25,,WNW,15,
2025-10-11,2522,12.3,31.7,0,,,WNW,50,13:28,23.6,38,,NW,9,,30.9,13,,WNW,20,
2025-10-12,2168,11.7,31.9,0,,,WSW,59,13:44,24.4,31,,WNW,13,,24.9,28,,WSW,28,
2025-10-13,7169,11.5,23.6,0.4,,,ESE,39,12:09,19.5,40,,WNW,9,,18.9,56,,ESE,22,
2025-10-14,5215,10.9,28.6,0,,,NW,31,15:49,18.6,63,,NNW,13,,26.7,27,,W,11,
2025-10-15,2818,12.1,28.9,0,,,NE,26,15:18,19.2,71,,NW,9,,26.7,46,,ENE,13,
2025-10-16,6532,13.9,29.9,0,,,NE,28,15:31,19.5,80,,WSW,2,,29.7,48,,E,11,
2025-10-17,4032,17.3,35.2,0,,,SSE,54,17:57,28.1,48,,NW,15,,32.4,34,,NNW,13,
2025-10-18,4553,15.5,23.6,0,,,E,33,13:08,19.7,67,,ESE,6,,21.6,56,,E,17,
2025-10-19,4528,14.7,27.8,0,,,N,33,10:43,20.7,65,,NNW,9,,26.5,50,,NE,13,
2025-10-20,6078,15.7,36.9,0,,,SE,43,20:31,23.4,60,,NNW,7,,35.7,26,,WNW,11,
2025-10-21,2912,17.8,24.9,0,,,SSE,37,2:41,20.8,62,,SE,9,,22.2,55,,E,19,
2025-10-22,2209,17.9,38.9,0,,,WNW,63,14:35,22,75,,NW,9,,37.2,23,,NW,26,
2025-10-23,1518,17,22.4,0,,,ESE,35,13:19,19.7,41,,SE,9,,21,52,,ESE,17,
2025-10-24,4401,15.8,25.6,0,,,SE,44,14:59,21.2,61,,WNW,9,,21,59,,SE,28,
2025-10-25,8372,12.9,27.1,0,,,ESE,22,14:12,18.5,68,,NNW,11,,26.5,28,,E,2,
2025-10-26,6163,13.9,27.5,0,,,WNW,57,16:23,21.9,48,,NE,2,,23.6,55,,NW,9,
2025-10-27,6628,14.8,26.4,0.6,,,S,54,15:16,20.7,56,,WNW,13,,20.4,59,,SE,28,
2025-10-28,4222,11.4,16.3,0,,,SSE,35,0:34,13.7,68,,SSW,7,,16,47,,ESE,11,
2025-10-29,2421,12,18.6,2.2,,,E,24,12:18,13.9,97,,WSW,6,,15.9,94,,ESE,13,
2025-10-30,4811,13.7,23.8,7.8,,,SE,28,15:00,18.3,79,,WSW,7,,22.6,62,,ESE,17,
2025-10-31,11563,13.9,26.2,0.2,,,E,33,13:01,19.8,75,,NE,6,,24.6,55,,ENE,13,
